"","Worst orage de sève à 81% de taux d'humidité","","","","Good 48% à 17% de taux d'humidité","","","","","","","","","","","","","","","","","","","","",""
"","Bad 80% à 49% de taux d'humidité","","","","Best 16% à 0% de taux d'humidité","","","","","","","","","","","","","","","","","","","","",""
"m","","","","","","","","","","","","","","","","","","","","","","","","","",""
"","Printemps Reboot","","","","","","","","","","","","","","","","","","","","","","","","",""
"","","","Ambres","Graines","Fibres","Résine","Huile","Sève","Carapace","Écorce","Bois","Boucles","","","","","","","","","","","","","",""
"","Sources Interdites","Worst","Beng","Caprice","Anète","Dung","Gulatch","Dante","Mignonne","Beckers","Eyota","Nita","","","","","","","","","","","","","",""
"","","","Pha","Silvio","Buo","Colle","Irin","Ardente","Inteligente","Oath","Kachine","Patee","","","","","","","","","","","","","",""
"","","","Sha","","","Lune","Pilan","Silverweed","","Perfling","Tama","Scratch","","","","","","","","","","","","","",""
"","","","Zun","","","","","","","","","Yana","","","","","","","","","","","","","",""
"","","Bad","Soo","","","","","","","","","","","","","","","","","","","","","","",""
"","","Good","","Saurona","","","","","Splinter","","","","","","","","","","","","","","","","",""
"","","Best","","","","","","","Grosse","","","","","","","","","","","","","","","","",""
"","","","Ambres","Graines","Fibres","Résine","Huile","Sève","Carapace","Écorce","Bois","Boucles","","","","","","","","","","","","","",""
"","Terre de la Continuité","Worst","Hash","Caprice","Shu","Colle","Irin","Dante","Grosse","Adriel","Motega","Nita","","","","","","","","","","","","","",""
"","","","Pha","Sarina","","Lune","Koorin","Enola","Cornée","Beckers","","Patee","","","","","","","","","","","","","",""
"","","","Sha","Silvio","","","Pilan","","Inteligente","","","Scratch","","","","","","","","","","","","","",""
"","","","Zun","","","","","","Splinter","","","","","","","","","","","","","","","","",""
"","","Bad","","","","","","","","Perfling","","","","","","","","","","","","","","","",""
"","","Good","","","","","","","","","","Tansy","","","","","","","","","","","","","",""
"","","","","","","","","","","","","Yana","","","","","","","","","","","","","",""
"","","Best","","","Anète","","","Visc","","Oath","","","","","","","","","","","","","","","",""
"","","","","","Buo","","","","","","","","","","","","","","","","","","","","",""
"","","","Ambres","Graines","Fibres","Résine","Huile","Sève","Carapace","Écorce","Bois","Boucles","","","","","","","","","","","","","",""
"","Cité Engloutie","Worst","Pha","Caprice","Anète","Dung","Gulatch","Dante","Grosse","Adriel","Abhaya","Nita","","","","","","","","","","","","","",""
"","","","","Saurona","Buo","Colle","Koorin","","Cornée","Beckers","Tama","Patee","","","","","","","","","","","","","",""
"","","","","Silvio","Dzao","Lune","","","Inteligente","Mitexi","","Scratch","","","","","","","","","","","","","",""
"","","","","","Shu","","","","Splinter","","","Tansy","","","","","","","","","","","","","",""
"","","Bad","","","","","","","","","Eyota","Yana ?","","","","","","","","","","","","","",""
"","","Good","","","","","","","Mignonne","","","Yana ?","","","","","","","","","","","","","",""
"","","Best","Soo","","","","","Ardente","","Oath","","","","","","","","","","","","","","","",""
"","","","Ambres","Graines","Fibres","Résine","Huile","Sève","Carapace","Écorce","Bois","Boucles","","","","","","","","","","","","","",""
"","Profondeurs Interdites","Worst","Beng Agro","Sarina","Anète","Dung","Gulatch","Dante","Mignonne","Adriel","Tama","Nita","","","","","","","","","","","","","",""
"","","","Pha","Silvio","Buo","Lune","Irin","Silverweed","Cornée","Mitexi","","Patee","","","","","","","","","","","","","",""
"","","","","","","","Koorin","","Inteligente","Perfling","","Scratch","","","","","","","","","","","","","",""
"","","","","","","","","","","","","Tansy","","","","","","","","","","","","","",""
"","","Bad","Hash","","","","","Enola","","","","","","","","","","","","","","","","","",""
"","","Good","","","","","","","Splinter","","","Yana","","","","","","","","","","","","","",""
"","","Best","Sha","","Dzao","","","","","Beckers","","","","","","","","","","","","","","","",""
"","","","Zun","","Shu","","","","","","","","","","","","","","","","","","","","",""
"","Été changement de saison","","","","","","","","","","","","","","","","","","","","","","","","",""
"","","","Ambres","Graines","Fibres","Résine","Huile","Sève","Carapace","Écorce","Bois","Boucles","","","","","","","","","","","","","",""
"","Sources Interdites","Bad","Hash","","","","","","","Adriel","","","","","","","","","","","","","","","",""
"","","Good","","Sarina","","","","","Cornée","","","","","","","","","","","","","","","","",""
"","","Best","","","Shu","","","","","","Abhaya","","","","","","","","","","","","","","",""
"","","","Ambres","Graines","Fibres","Résine","Huile","Sève","Carapace","Écorce","Bois","Boucles","","","","","","","","","","","","","",""
"","Terre de la Continuité","Bad","","","","","","","","","Eyota","","","","","","","","","","","","","","",""
"","","Good","","","","Fung","Gulatch","","","","","","","","","","","","","","","","","","",""
"","","Best","","Saurona","","","","","","","Kachine","","","","","","","","","","","","","","",""
"","","","Ambres","Graines","Fibres","Résine","Huile","Sève","Carapace","Écorce","Bois","Boucles","","","","","","","","","","","","","",""
"","Cité Engloutie","Bad","","Sarina ","","","","","","","Kachine","","","","","","","","","","","","","","",""
"","","Good","","","","Fung","Pilan","","","","","","","","","","","","","","","","","","",""
"","","Best","Hash","","","","","Silverweed","","","Motega","","","","","","","","","","","","","","",""
"","","","Zun","","","","","","","","","","","","","","","","","","","","","","",""
"","","","Ambres","Graines","Fibres","Résine","Huile","Sève","Carapace","Écorce","Bois","Boucles","","","","","","","","","","","","","",""
"","Profondeurs Interdites","Bad","","","","","","","","Oath","Kachine","","","","","","","","","","","","","","",""
"","","Good","","","","Fung","","","","","","","","","","","","","","","","","","","",""
"","","","","","","Colle","","","","","","","","","","","","","","","","","","","",""
"","","Best","","Saurona","Shu","","","","","","Eyota","","","","","","","","","","","","","","",""
"","Autmone changement de saison","","","","","","","","","","","","","","","","","","","","","","","","",""
"","","","Ambres","Graines","Fibres","Résine","Huile","Sève","Carapace","Écorce","Bois","Boucles","","","","","","","","","","","","","",""
"","Sources Interdites","Bad","","","","","","","","","","Tansy","","","","","","","","","","","","","",""
"","","Good","","","","Fung","Enola","","","","Motega","","","","","","","","","","","","","","",""
"","","Best","","","","","","","","Mitexi","","","","","","","","","","","","","","","",""
"","","","Ambres","Graines","Fibres","Résine","Huile","Sève","Carapace","Écorce","Bois","Boucles","","","","","","","","","","","","","",""
"","Terre de la Continuité","Good","","","","","","Ardente","","","Abhaya","","","","","","","","","","","","","","",""
"","","","","","","","","Silverweed","","","","","","","","","","","","","","","","","",""
"","","Best","Beng","","Dzao","","","","","","","","","","","","","","","","","","","","",""
"","","","Ambres","Graines","Fibres","Résine","Huile","Sève","Carapace","Écorce","Bois","Boucles","","","","","","","","","","","","","",""
"","Cité Engloutie","Good","","","","","","Enola","","","","","","","","","","","","","","","","","",""
"","","Best","Sha","","","","","","","Perfling","","","","","","","","","","","","","","","",""
"","","","Ambres","Graines","Fibres","Résine","Huile","Sève","Carapace","Écorce","Bois","Boucles","","","","","","","","","","","","","",""
"","","Good","","","","","","Ardente ?","","","Motega","","","","","","","","","","","","","","",""
"","","","","","","","","Visc","","","","","","","","","","","","","","","","","",""
"","","Best","","Caprice","","","","Ardente ?","","","","","","","","","","","","","","","","","",""
"","Hivers changement de saison","","","","","","","","","","","","","","","","","","","","","","","","",""
"","","","Ambres","Graines","Fibres","Résine","Huile","Sève","Carapace","Écorce","Bois","Boucles","","","","","","","","","","","","","",""
"","Sources Interdites","Good","","","Dzao","","Koorin","Visc","","","","","","","","","","","","","","","","","",""
"","","Best","","","Shu","","","","","","","","","","","","","","","","","","","","",""
"","","","Ambres","Graines","Fibres","Résine","Huile","Sève","Carapace","Écorce","Bois","Boucles","","","","","","","","","","","","","",""
"","Terre de la Continuité","Bad","","","","","","","Mignonne","","","","","","","","","","","","","","","","",""
"","","Good","Soo","","","","","","","","Tama","","","","","","","","","","","","","","",""
"","","Best","","","Buo","Dung","","","","","","Scratch","","","","","","","","","","","","","",""
"","","","Ambres","Graines","Fibres","Résine","Huile","Sève","Carapace","Écorce","Bois","Boucles","","","","","","","","","","","","","",""
"","Cité Engloutie","Bad","","","","","Irin","","","","","","","","","","","","","","","","","","",""
"","","Good","Beng","","","","","Visc agro KKT","","","","","","","","","","","","","","","","","",""
"","","Best","Hash","","","","","","","Perfling","","","","","","","","","","","","","","","",""
"","","","Zun","","","","","","","","","","","","","","","","","","","","","","",""
"","","","Ambres","Graines","Fibres","Résine","Huile","Sève","Carapace","Écorce","Bois","Boucles","","","","","","","","","","","","","",""
"","Profondeurs Interdites","Bad","","","","","Pilan","","Grosse","","","","","","","","","","","","","","","","",""
"","","Good","Soo","","","","","","","","Abhaya","","","","","","","","","","","","","","",""